﻿filename,notes,authors,licenses,url1,url2,url3,url4,url5,status
body/prosthesis,,bluecarrot16,"OGA-BY 3.0, GPL 3.0",https://opengameart.org/content/lpc-pirates,,,,,
facial/earring,,bluecarrot16,CC0,https://opengameart.org/content/lpc-pirates,,,,,
hat/head_band_tied,,Nila122,"CC-BY-SA 3.0, GPL 3.0",https://opengameart.org/content/lpc-lizard-headgear,,,,,
hat/pirate/bandana,,"bluecarrot16, Fabzy",CC-BY-SA 3.0,https://opengameart.org/content/the-revolution-hair,https://opengameart.org/content/lpc-pirates,,,,
hat/pirate/bandana_skull/female.png,,"bluecarrot16, Fabzy",CC-BY-SA 3.0,https://opengameart.org/content/the-revolution-hair,,,,,
hat/pirate/kerchief,,"bluecarrot16, Nila122","GPL 2.0, GPL 3.0, CC-BY-SA 3.0",https://opengameart.org/content/more-lpc-clothes-and-hair,https://opengameart.org/content/lpc-pirates,,,,
hat/pirate,,bluecarrot16,OGA-BY 3.0,https://opengameart.org/content/lpc-pirates,,,,,
legs/pants/female,,"bluecarrot16, David Conway Jr. (JaidynReiman), Joe White, Matthew Krohn (makrohn), Johannes Sjölund (wulax)","GPL 3.0, CC-BY-SA 3.0",https://opengameart.org/content/liberated-pixel-cup-lpc-base-assets-sprites-map-tiles,https://opengameart.org/content/lpc-medieval-fantasy-character-sprites,,,,
legs/pants/male,,"bluecarrot16, David Conway Jr. (JaidynReiman), Joe White, Matthew Krohn (makrohn), Johannes Sjölund (wulax)","GPL 3.0, CC-BY-SA 3.0",https://opengameart.org/content/liberated-pixel-cup-lpc-base-assets-sprites-map-tiles,https://opengameart.org/content/lpc-medieval-fantasy-character-sprites,,,,
legs/pantaloons,,"Nila122, Johannes Sjölund (wulax), Stephen Challener (Redshrike)","GPL 2.0, GPL 3.0, CC-BY-SA 3.0",https://opengameart.org/content/lpc-pirates,https://opengameart.org/content/more-lpc-clothes-and-hair,,,,
neck/cravat,,bluecarrot16,"OGA-BY 3.0, GPL 3.0",https://opengameart.org/content/lpc-pirates,,,,,
neck/jabot,,bluecarrot16,"OGA-BY 3.0, GPL 3.0",https://opengameart.org/content/lpc-pirates,,,,,
shoulders/epaulets,,bluecarrot16,"OGA-BY 3.0, GPL 3.0",https://opengameart.org/content/lpc-pirates,,,,,
shoulders/mantal,,bluecarrot16,"OGA-BY 3.0, GPL 3.0",https://opengameart.org/content/lpc-pirates,,,,,
torso/clothes/longsleeve_laced,,bluecarrot16,"OGA-BY 3.0, GPL 3.0",https://opengameart.org/content/lpc-pirates,,,,,
torso/clothes/sleeveless/male,,"bluecarrot16, Matthew Krohn (makrohn), David Conway Jr. (JaidynReiman), Marcel van de Steeg (MadMarcel), Nila122, Johannes Sjölund (wulax), Stephen Challener (Redshrike)",CC-BY-SA 3.0,https://opengameart.org/content/lpc-female-orcogregoblintroll-base-walkcycle,https://opengameart.org/content/lpc-curly-hair-elven-ears-white-cape-with-blue-trim-and-more,https://opengameart.org/content/more-lpc-clothes-and-hair,https://opengameart.org/content/lpc-pirates,,
torso/clothes/sleeveless_laced,,"bluecarrot16, Matthew Krohn (makrohn), David Conway Jr. (JaidynReiman), Marcel van de Steeg (MadMarcel), Nila122, Johannes Sjölund (wulax), Stephen Challener (Redshrike)",CC-BY-SA 3.0,https://opengameart.org/content/lpc-female-orcogregoblintroll-base-walkcycle,https://opengameart.org/content/lpc-curly-hair-elven-ears-white-cape-with-blue-trim-and-more,https://opengameart.org/content/more-lpc-clothes-and-hair,https://opengameart.org/content/lpc-pirates,,
torso/clothes/sleeveless_striped,,"bluecarrot16, Matthew Krohn (makrohn), David Conway Jr. (JaidynReiman), Marcel van de Steeg (MadMarcel), Nila122, Johannes Sjölund (wulax), Stephen Challener (Redshrike)",CC-BY-SA 3.0,https://opengameart.org/content/lpc-female-orcogregoblintroll-base-walkcycle,https://opengameart.org/content/lpc-curly-hair-elven-ears-white-cape-with-blue-trim-and-more,https://opengameart.org/content/more-lpc-clothes-and-hair,https://opengameart.org/content/lpc-pirates,,
torso/clothes/vest,,"bluecarrot16, Thane Brimhall (pennomi), laetissima","CC-BY-SA 3.0, GPL 3.0",https://opengameart.org/content/lpc-2-characters,https://opengameart.org/content/lpc-gentleman,https://opengameart.org/content/lpc-pirates,,,
torso/clothes/vest_open,,"bluecarrot16, Thane Brimhall (pennomi), laetissima","CC-BY-SA 3.0, GPL 3.0",https://opengameart.org/content/lpc-2-characters,https://opengameart.org/content/lpc-gentleman,https://opengameart.org/content/lpc-pirates,,,
torso/jacket/collared,,bluecarrot16,"OGA-BY 3.0, GPL 3.0",https://opengameart.org/content/lpc-gentleman,https://opengameart.org/content/lpc-pirates,,,,
torso/jacket/frock,,bluecarrot16,"OGA-BY 3.0, GPL 3.0",https://opengameart.org/content/lpc-pirates,,,,,
torso/jacket/trim,,bluecarrot16,OGA-BY 3.0,https://opengameart.org/content/lpc-pirates,,,,,
torso/waist/belt_double,,"bluecarrot16, Johannes Sjölund (wulax), Matthew Krohn (makrohn)","CC-BY-SA 3.0, GPL 3.0",https://opengameart.org/content/lpc-combat-armor-for-women,https://opengameart.org/content/lpc-pirates,,,,
torso/waist/belt_leather,,"bluecarrot16, Johannes Sjölund (wulax), Matthew Krohn (makrohn)","CC-BY-SA 3.0, GPL 3.0",https://opengameart.org/content/lpc-combat-armor-for-women,https://opengameart.org/content/lpc-pirates,,,,
torso/waist/belt_loose,,"bluecarrot16, Johannes Sjölund (wulax), Matthew Krohn (makrohn)","CC-BY-SA 3.0, GPL 3.0",https://opengameart.org/content/lpc-combat-armor-for-women,https://opengameart.org/content/lpc-pirates,,,,
torso/waist/sash,,"bluecarrot16, Nila122","GPL 2.0, GPL 3.0, CC-BY-SA 3.0",https://opengameart.org/content/more-lpc-clothes-and-hair,https://opengameart.org/content/lpc-pirates,,,,
torso/waist/sash_narrow,,"bluecarrot16, Nila122","GPL 2.0, GPL 3.0, CC-BY-SA 3.0",https://opengameart.org/content/more-lpc-clothes-and-hair,https://opengameart.org/content/lpc-pirates,,,,
wrists/cuffs,,bluecarrot16,OGA-BY 3.0,https://opengameart.org/content/lpc-pirates,,,,,
wrists/lace,,bluecarrot16,OGA-BY 3.0,https://opengameart.org/content/lpc-pirates,,,,,